<?xml version="1.0" encoding="UTF-8"?>
<project-private xmlns="http://www.netbeans.org/ns/project-private/1">
    <editor-bookmarks xmlns="http://www.netbeans.org/ns/editor-bookmarks/2" lastBookmarkId="0"/>
    <open-files xmlns="http://www.netbeans.org/ns/projectui-open-files/2">
        <group>
            <file>file:/home/tiago145/Tudo/Desktop/UTFPR%20-%205%20Semestre/Introdução%20a%20Banco%20de%20dados/Trabalho%20part%201%20-%20Interface%20banco%20de%20dados/trabalho1_interface_visualizacao/src/interfaces_bdd/tela_principal.java</file>
            <file>file:/home/tiago145/Tudo/Desktop/UTFPR%20-%205%20Semestre/Introdução%20a%20Banco%20de%20dados/Trabalho%20part%201%20-%20Interface%20banco%20de%20dados/trabalho1_interface_visualizacao/src/interfaces_bdd/tela_inicial.java</file>
        </group>
    </open-files>
</project-private>
